{
  "project_info": {
    "project_number": "970043328453",
    "firebase_url": "https://workitoff-app.firebaseio.com",
    "project_id": "workitoff-app",
    "storage_bucket": "workitoff-app.appspot.com"
  },
  "client": [
    {
      "client_info": {
        "mobilesdk_app_id": "1:970043328453:android:9866ea8a6def4c6f",
        "android_client_info": {
          "package_name": "com.cloud3tech.workitoff"
        }
      },
      "oauth_client": [
        {
          "client_id": "970043328453-mkog91msb0alkrapu4ssl6rm092m8qnd.apps.googleusercontent.com",
          "client_type": 3
        }
      ],
      "api_key": [
        {
          "current_key": "AIzaSyCcZPztf6TJ2FniceyOoM1ZAVjzm3llei4"
        }
      ],
      "services": {
        "appinvite_service": {
          "other_platform_oauth_client": [
            {
              "client_id": "970043328453-mkog91msb0alkrapu4ssl6rm092m8qnd.apps.googleusercontent.com",
              "client_type": 3
            }
          ]
        }
      }
    }
  ],
  "configuration_version": "1"
}